Workbook
Name Slicer_Age_Groups: #N/A
Name Slicer_Gender: #N/A
Name Slicer_Quarters__Production_Date: #N/A
Name Slicer_Region: #N/A

Sheet Production Dataset
A1: Production ID | B1: Production Date | C1: Region | D1: Manager | E1: Product Type | F1: Units Produced | G1: Total Cost | H1: Gender | I1: True Age | J1: Age Groups | K1: Production Cost Per Unit
A2: 1 | B2: 44932 | C2: North | D2: Nancy Grey | E2: Machinery | F2: 53 | G2: 10500 | H2: Female | I2: 39 | J2: =IF(I2<=38,"A1",IF(I2<=41,"A2","A3")) -> A2 | K2: =G2/F2 -> 198.11321 | M2: =IF(ISNUMBER(A2), "Valid", "Invalid") -> Valid
A3: 2 | B3: 44937 | C3: West | D3: Emily Davis | E3: Furniture | F3: 56 | G3: 11000 | H3: Unknown | I3: 40 | J3: =IF(I3<=38,"A1",IF(I3<=41,"A2","A3")) -> A2 | K3: =G3/F3 -> 196.42857 | M3: =IF(ISNUMBER(A3), "Valid", "Invalid") -> Valid
A4: 3 | B4: 44942 | C4: East | D4: Mike Brown | E4: Electronics | F4: 59 | G4: 11500 | H4: Male | I4: 41 | J4: =IF(I4<=38,"A1",IF(I4<=41,"A2","A3")) -> A2 | K4: =G4/F4 -> 194.91525 | M4: =IF(ISNUMBER(A4), "Valid", "Invalid") -> Valid
A5: 4 | B5: 44947 | C5: South | D5: Jane Smith | E5: Automobiles | F5: 62 | G5: 12000 | H5: Female | I5: 42 | J5: =IF(I5<=38,"A1",IF(I5<=41,"A2","A3")) -> A3 | K5: =G5/F5 -> 193.54839 | M5: =IF(ISNUMBER(A5), "Valid", "Invalid") -> Valid
A6: 5 | B6: 44952 | C6: North | D6: Andrew Blue | E6: Machinery | F6: 65 | G6: 12500 | H6: Unknown | I6: 43 | J6: =IF(I6<=38,"A1",IF(I6<=41,"A2","A3")) -> A3 | K6: =G6/F6 -> 192.30769 | M6: =IF(ISNUMBER(A6), "Valid", "Invalid") -> Valid
A7: 6 | B7: 44957 | C7: West | D7: Laura Black | E7: Furniture | F7: 68 | G7: 13000 | H7: Male | I7: 44 | J7: =IF(I7<=38,"A1",IF(I7<=41,"A2","A3")) -> A3 | K7: =G7/F7 -> 191.17647 | M7: =IF(ISNUMBER(A7), "Valid", "Invalid") -> Valid
A8: 7 | B8: 44962 | C8: East | D8: David White | E8: Electronics | F8: 71 | G8: 13500 | H8: Female | I8: 37 | J8: =IF(I8<=38,"A1",IF(I8<=41,"A2","A3")) -> A1 | K8: =G8/F8 -> 190.14085 | M8: =IF(ISNUMBER(A8), "Valid", "Invalid") -> Valid
A9: 8 | B9: 44967 | C9: South | D9: John Doe | E9: Automobiles | F9: 74 | G9: 14000 | H9: Unknown | I9: 38 | J9: =IF(I9<=38,"A1",IF(I9<=41,"A2","A3")) -> A1 | K9: =G9/F9 -> 189.18919 | M9: =IF(ISNUMBER(A9), "Valid", "Invalid") -> Valid
A10: 9 | B10: 44972 | C10: North | D10: Nancy Grey | E10: Machinery | F10: 77 | G10: 14500 | H10: Male | I10: 39 | J10: =IF(I10<=38,"A1",IF(I10<=41,"A2","A3")) -> A2 | K10: =G10/F10 -> 188.31169 | M10: =IF(ISNUMBER(A10), "Valid", "Invalid") -> Valid
A11: 10 | B11: 44977 | C11: West | D11: Emily Davis | E11: Furniture | F11: 80 | G11: 15000 | H11: Female | I11: 40 | J11: =IF(I11<=38,"A1",IF(I11<=41,"A2","A3")) -> A2 | K11: =G11/F11 -> 187.5 | M11: =IF(ISNUMBER(A11), "Valid", "Invalid") -> Valid
A12: 11 | B12: 44982 | C12: East | D12: Mike Brown | E12: Electronics | F12: 83 | G12: 15500 | H12: Unknown | I12: 41 | J12: =IF(I12<=38,"A1",IF(I12<=41,"A2","A3")) -> A2 | K12: =G12/F12 -> 186.74699 | M12: =IF(ISNUMBER(A12), "Valid", "Invalid") -> Valid
A13: 12 | B13: 44987 | C13: South | D13: Jane Smith | E13: Automobiles | F13: 86 | G13: 16000 | H13: Male | I13: 42 | J13: =IF(I13<=38,"A1",IF(I13<=41,"A2","A3")) -> A3 | K13: =G13/F13 -> 186.04651 | M13: =IF(ISNUMBER(A13), "Valid", "Invalid") -> Valid
... A119: 120 | B119: 44866 | C119: East | D119: Nancy Grey | E119: Automobiles | F119: 358 | G119: 34782 | H119: Female | I119: 39 | J119: =IF(I119<=38,"A1",IF(I119<=41,"A2","A3")) -> A2 | K119: =G119/F119 -> 97.156425 | M119: =IF(ISNUMBER(A119), "Valid", "Invalid") -> Valid
B127: Jane Smith | C127: =VLOOKUP(B127,'Production Dataset'!$D$1:$H$121,6,0) -> #REF!
B128: Mike Brown | C128: =VLOOKUP(B128,'Production Dataset'!$D$1:$H$121,6,0) -> #REF!
B129: John Doe | C129: =VLOOKUP(B129,'Production Dataset'!$D$1:$H$121,6,0) -> #REF!
B130: David White | C130: =VLOOKUP(B130,'Production Dataset'!$D$1:$H$121,6,0) -> #REF!
B131: Emily Davis | C131: =VLOOKUP(B131,'Production Dataset'!$D$1:$H$121,6,0) -> #REF!
B132: Laura Black | C132: =VLOOKUP(B132,'Production Dataset'!$D$1:$H$121,6,0) -> #REF!
B133: Nancy Grey | C133: =VLOOKUP(B133,'Production Dataset'!$D$1:$H$121,6,0) -> #REF!
B134: Andrew Blue | C134: =VLOOKUP(B134,'Production Dataset'!$D$1:$H$121,6,0) -> #REF!
B135: Sarah Lee | C135: =VLOOKUP(B135,'Production Dataset'!$D$1:$H$121,6,0) -> #REF!

Sheet Pivot 1 
A3: Row Labels | B3: Sum of Total Cost
A4: Automobiles | B4: 1212749
A5: Electronics | B5: 944874
A6: Furniture | B6: 864969
A7: Machinery | B7: 862888
A8: Grand Total | B8: 3885480

Sheet Pivot 2
A3: Row Labels | B3: No. of Tasks
A4: Nancy Grey | B4: 20
A5: Mike Brown | B5: 16
A6: Jane Smith | B6: 16
A7: Andrew Blue | B7: 15
A8: Emily Davis | B8: 14
A9: Laura Black | B9: 13
A10: John Doe | B10: 13
A11: David White | B11: 12
A12: Sarah Lee | B12: 1
A13: Grand Total | B13: 120

Sheet Pivot 3
A3: Row Labels | B3: Sum of Units Produced
A4: 2021 | B4: 1015
A5: Apr | B5: 199
A6: Jun | B6: 527
A7: Jul | B7: 289
A8: 2022 | B8: 855
A9: Aug | B9: 497
A10: Nov | B10: 358
A11: 2023 | B11: 13085
A12: Jan | B12: 363
A13: Feb | B13: 385
A14: Mar | B14: 996
A15: Apr | B15: 1294
... A34: Grand Total | B34: 24751

Sheet Pivot 4
A3: Row Labels | B3: Average of Production Cost Per Unit
A4: Automobiles | B4: 207.57145
A5: Electronics | B5: 162.4924
A6: Furniture | B6: 165.32889
A7: Machinery | B7: 155.66318
A8: Grand Total | B8: 174.80993

Sheet Dashboard
A1: PRODUCTON DASHBOARD
